_id,CH_SYMBOL,CH_SERIES,CH_MARKET_TYPE,CH_TRADE_HIGH_PRICE,CH_TRADE_LOW_PRICE,CH_OPENING_PRICE,CH_CLOSING_PRICE,CH_LAST_TRADED_PRICE,CH_PREVIOUS_CLS_PRICE,CH_TOT_TRADED_QTY,CH_TOT_TRADED_VAL,CH_52WEEK_HIGH_PRICE,CH_52WEEK_LOW_PRICE,COP_DELIV_QTY,COP_DELIV_PERC,CH_TOTAL_TRADES,VWAP,CH_TIMESTAMP,CH_ISIN,createdAt,updatedAt,TIMESTAMP,mTIMESTAMP
66c5d6fe7d87ff8fce09d150,AXISBANK,EQ,N,1178.0,1161.5,1166.6,1174.4,1176.4,1168.0,9480630,11100913642.45,1339.65,943.95,5814013,61.33,201270,1170.9,2024-08-21,INE238A01034,2024-08-21T12:01:02.538Z,2024-08-21T12:01:02.538Z,2024-08-20T18:30:00.000Z,2024-08-21
66c7287eca847f6a4b1eb50f,AXISBANK,EQ,N,1181.0,1168.95,1179.7,1169.95,1170.0,1174.4,5841326,6854064563.2,1339.65,943.95,3820163,65.4,162840,1173.37,2024-08-22,INE238A01034,2024-08-22T12:01:02.707Z,2024-08-22T12:01:02.707Z,2024-08-21T18:30:00.000Z,2024-08-22
66c879ff6952857aea11cb2b,AXISBANK,EQ,N,1173.95,1163.5,1170.0,1165.95,1167.6,1169.95,5121962,5985802416.35,1339.65,943.95,3668357,71.62,96601,1168.65,2024-08-23,INE238A01034,2024-08-23T12:01:03.027Z,2024-08-23T12:01:03.027Z,2024-08-22T18:30:00.000Z,2024-08-23
66b361ffc65c452d432b4172,BAJAJFINSV,EQ,N,1584.8,1563.65,1584.1,1571.4,1574.0,1564.1,1443063,2270126988.45,1741.0,1419.05,1146765,79.47,40952,1573.13,2024-08-07,INE918I01026,2024-08-07T12:01:03.159Z,2024-08-07T12:01:03.159Z,2024-08-06T18:30:00.000Z,2024-08-07
66b4b37fbeafe5d0f80845ce,BAJAJFINSV,EQ,N,1576.45,1532.55,1562.45,1540.05,1538.25,1571.4,1683534,2614010348.2,1741.0,1419.05,1084779,64.43,92789,1552.69,2024-08-08,INE918I01026,2024-08-08T12:01:03.187Z,2024-08-08T12:01:03.187Z,2024-08-07T18:30:00.000Z,2024-08-08
66c5d6fe7d87ff8fce09d305,BAJAJFINSV,EQ,N,1628.8,1599.95,1600.0,1620.95,1617.0,1602.1,1966030,3178685357.6,1741.0,1419.05,1196451,60.86,124859,1616.8,2024-08-21,INE918I01026,2024-08-21T12:01:02.698Z,2024-08-21T12:01:02.698Z,2024-08-20T18:30:00.000Z,2024-08-21
66c7287eca847f6a4b1eb6b8,BAJAJFINSV,EQ,N,1630.0,1614.05,1624.8,1625.7,1625.0,1620.95,1325535,2153635703.2,1741.0,1419.05,929392,70.11,146376,1624.73,2024-08-22,INE918I01026,2024-08-22T12:01:02.860Z,2024-08-22T12:01:02.860Z,2024-08-21T18:30:00.000Z,2024-08-22
66c879ff6952857aea11cce3,BAJAJFINSV,EQ,N,1644.95,1623.2,1627.9,1639.9,1644.0,1625.7,1114056,1821718657.4,1741.0,1419.05,689175,61.86,94274,1635.21,2024-08-23,INE918I01026,2024-08-23T12:01:03.179Z,2024-08-23T12:01:03.179Z,2024-08-22T18:30:00.000Z,2024-08-23
66c5d7007d87ff8fce09dfe3,BAJFINANCE,EQ,N,6747.3,6695.0,6721.95,6735.35,6734.0,6722.2,633111,4261169264.1,8192.0,6187.8,429646,67.86,61864,6730.52,2024-08-21,INE296A01024,2024-08-21T12:01:04.029Z,2024-08-21T12:01:04.029Z,2024-08-20T18:30:00.000Z,2024-08-21
66c7287fca847f6a4b1ec370,BAJFINANCE,EQ,N,6765.0,6723.9,6750.0,6743.6,6745.0,6735.35,728260,4913191079.25,8192.0,6187.8,502258,68.97,79471,6746.48,2024-08-22,INE296A01024,2024-08-22T12:01:03.970Z,2024-08-22T12:01:03.970Z,2024-08-21T18:30:00.000Z,2024-08-22
66c87a006952857aea11d98c,BAJFINANCE,EQ,N,6762.0,6704.95,6755.0,6735.85,6732.0,6743.6,618045,4163736372.5,8192.0,6187.8,397774,64.36,55305,6736.95,2024-08-23,INE296A01024,2024-08-23T12:01:04.291Z,2024-08-23T12:01:04.291Z,2024-08-22T18:30:00.000Z,2024-08-23
66bb4aff43944ad5f60bbe72,BHARTIARTL,EQ,N,1478.4,1450.35,1468.0,1459.7,1458.75,1458.6,4495208,6582039897.4,1536.25,847.05,2915194,64.85,230986,1464.23,2024-08-13,INE397D01024,2024-08-13T12:01:03.316Z,2024-08-13T12:01:03.316Z,2024-08-12T18:30:00.000Z,2024-08-13
66bc9c7fe5e9e337a4e01ac6,BHARTIARTL,EQ,N,1480.1,1453.1,1453.1,1471.7,1473.25,1459.7,5891784,8657047426.05,1536.25,847.05,3828421,64.98,210601,1469.34,2024-08-14,INE397D01024,2024-08-14T12:01:03.284Z,2024-08-14T12:01:03.284Z,2024-08-13T18:30:00.000Z,2024-08-14
66c333ff791b610bc6026b22,BHARTIARTL,EQ,N,1489.1,1464.3,1487.0,1469.65,1470.0,1483.55,4404075,6478502561.2,1536.25,847.05,3167188,71.91,186308,1471.02,2024-08-19,INE397D01024,2024-08-19T12:01:03.470Z,2024-08-19T12:01:03.470Z,2024-08-18T18:30:00.000Z,2024-08-19
66c4857fca024ae00a3823a6,BHARTIARTL,EQ,N,1484.75,1446.5,1480.0,1449.15,1449.0,1469.65,10046892,14609224549.2,1536.25,847.05,7697126,76.61,205415,1454.1,2024-08-20,INE397D01024,2024-08-20T12:01:03.590Z,2024-08-20T12:01:03.590Z,2024-08-19T18:30:00.000Z,2024-08-20
66c5d6ff7d87ff8fce09d8fd,BHARTIARTL,EQ,N,1466.6,1447.7,1453.0,1463.45,1466.6,1449.15,6175510,8998024468.0,1536.25,847.05,4344941,70.36,193971,1457.05,2024-08-21,INE397D01024,2024-08-21T12:01:03.350Z,2024-08-21T12:01:03.350Z,2024-08-20T18:30:00.000Z,2024-08-21
66cc6e7f9e0a57e51663039a,BHARTIARTL,EQ,N,1520.7,1505.0,1509.0,1513.55,1512.0,1506.75,4307432,6524019566.0,1536.25,847.05,2700258,62.69,116614,1514.6,2024-08-26,INE397D01024,2024-08-26T12:01:03.864Z,2024-08-26T12:01:03.864Z,2024-08-25T18:30:00.000Z,2024-08-26
66cdbfff5ac33851079b5414,BHARTIARTL,EQ,N,1526.35,1502.0,1518.0,1522.75,1520.65,1513.55,3965066,6023166020.95,1536.25,847.05,2666228,67.24,120915,1519.06,2024-08-27,INE397D01024,2024-08-27T12:01:03.812Z,2024-08-27T12:01:03.812Z,2024-08-26T18:30:00.000Z,2024-08-27
66cf117f27d60587a4977122,BHARTIARTL,EQ,N,1564.5,1521.65,1527.95,1556.35,1554.0,1522.75,6225319,9633526775.1,1564.5,847.05,3812208,61.24,193408,1547.48,2024-08-28,INE397D01024,2024-08-28T12:01:03.831Z,2024-08-28T12:01:03.831Z,2024-08-27T18:30:00.000Z,2024-08-28
66c333fe791b610bc6025dd1,CIPLA,EQ,N,1584.95,1569.7,1578.45,1575.5,1570.0,1576.1,742635,1171750274.65,1606.7,1132.0,451506,60.8,33757,1577.83,2024-08-19,INE059A01026,2024-08-19T12:01:02.173Z,2024-08-19T12:01:02.173Z,2024-08-18T18:30:00.000Z,2024-08-19
66c4857eca024ae00a381617,CIPLA,EQ,N,1579.0,1558.2,1576.5,1562.85,1562.9,1575.5,1413845,2210351792.1,1606.7,1132.0,1048691,74.17,54178,1563.36,2024-08-20,INE059A01026,2024-08-20T12:01:02.420Z,2024-08-20T12:01:02.420Z,2024-08-19T18:30:00.000Z,2024-08-20
66cdbfff5ac33851079b5287,DRREDDY,EQ,N,7006.55,6902.05,6945.0,6962.95,6969.0,6943.3,455417,3173034909.8,7107.45,5205.55,361274,79.33,22121,6967.32,2024-08-27,INE089A01023,2024-08-27T12:01:03.670Z,2024-08-27T12:01:03.670Z,2024-08-26T18:30:00.000Z,2024-08-27
66cf117f27d60587a4976f84,DRREDDY,EQ,N,7048.25,6923.0,6962.95,6999.3,6998.6,6962.95,326517,2273708146.75,7107.45,5205.55,211292,64.71,31834,6963.52,2024-08-28,INE089A01023,2024-08-28T12:01:03.692Z,2024-08-28T12:01:03.692Z,2024-08-27T18:30:00.000Z,2024-08-28
66c4857fca024ae00a3820c7,EICHERMOT,EQ,N,4898.0,4824.3,4848.9,4883.25,4878.75,4813.3,523506,2552574226.85,5058.9,3275.0,332068,63.43,32288,4875.92,2024-08-20,INE066A01021,2024-08-20T12:01:03.335Z,2024-08-20T12:01:03.335Z,2024-08-19T18:30:00.000Z,2024-08-20
66c5d6ff7d87ff8fce09d61c,EICHERMOT,EQ,N,4925.0,4867.0,4890.0,4913.55,4915.0,4883.25,221438,1086609971.45,5058.9,3275.0,132887,60.01,18403,4907.06,2024-08-21,INE066A01021,2024-08-21T12:01:03.032Z,2024-08-21T12:01:03.032Z,2024-08-20T18:30:00.000Z,2024-08-21
66c7287fca847f6a4b1eb9dd,EICHERMOT,EQ,N,4949.0,4905.6,4932.2,4933.55,4934.95,4913.55,536373,2646479128.35,5058.9,3275.0,382866,71.38,50693,4934.03,2024-08-22,INE066A01021,2024-08-22T12:01:03.138Z,2024-08-22T12:01:03.138Z,2024-08-21T18:30:00.000Z,2024-08-22
66cc6e7f9e0a57e5166300c1,EICHERMOT,EQ,N,4915.95,4865.05,4902.0,4875.2,4869.2,4898.1,314431,1534734237.55,5058.9,3275.0,190205,60.49,34292,4880.99,2024-08-26,INE066A01021,2024-08-26T12:01:03.560Z,2024-08-26T12:01:03.560Z,2024-08-25T18:30:00.000Z,2024-08-26
66cdbfff5ac33851079b514e,EICHERMOT,EQ,N,4887.25,4836.7,4866.05,4868.85,4885.0,4875.2,382109,1855873022.85,5058.9,3275.0,240203,62.86,28629,4856.92,2024-08-27,INE066A01021,2024-08-27T12:01:03.557Z,2024-08-27T12:01:03.557Z,2024-08-26T18:30:00.000Z,2024-08-27
66c4857fca024ae00a382107,GRASIM,EQ,N,2648.9,2589.05,2608.0,2636.7,2638.5,2598.4,685479,1801745976.0,2877.75,1758.05,416376,60.74,37010,2628.45,2024-08-20,INE047A01021,2024-08-20T12:01:03.356Z,2024-08-20T12:01:03.356Z,2024-08-19T18:30:00.000Z,2024-08-20
66c5d6ff7d87ff8fce09d657,GRASIM,EQ,N,2692.05,2625.15,2640.05,2684.85,2689.9,2636.7,857604,2283136364.05,2877.75,1758.05,586516,68.39,39396,2662.23,2024-08-21,INE047A01021,2024-08-21T12:01:03.075Z,2024-08-21T12:01:03.075Z,2024-08-20T18:30:00.000Z,2024-08-21
66cdbfff5ac33851079b5188,GRASIM,EQ,N,2747.95,2697.05,2741.45,2699.9,2702.05,2736.6,1450595,3921508407.5,2877.75,1768.3,1223903,84.37,25650,2703.38,2024-08-27,INE047A01021,2024-08-27T12:01:03.578Z,2024-08-27T12:01:03.578Z,2024-08-26T18:30:00.000Z,2024-08-27
66cf117f27d60587a4976e6e,GRASIM,EQ,N,2722.55,2683.0,2698.5,2715.55,2704.1,2699.9,981745,2660808888.75,2877.75,1768.3,704638,71.77,36257,2710.29,2024-08-28,INE047A01021,2024-08-28T12:01:03.604Z,2024-08-28T12:01:03.604Z,2024-08-27T18:30:00.000Z,2024-08-28
66bb4add8ef9995963de0afc,HCLTECH,EQ,N,1608.4,1577.65,1578.0,1592.65,1594.0,1585.25,1973825,3146966163.85,1697.35,1139.3,1187265,60.15,120834,1594.35,2024-08-13,INE860A01027,2024-08-13T12:00:29.237Z,2024-08-13T12:00:29.237Z,2024-08-12T18:30:00.000Z,2024-08-13
66bcc585ee2fb2a6f7392a85,HCLTECH,EQ,N,1629.75,1598.25,1600.1,1626.15,1623.9,1592.65,3932148,6348429631.1,1697.35,1139.3,2579395,65.6,119652,1614.49,2024-08-14,INE860A01027,2024-08-14T14:56:05.681Z,2024-08-14T14:56:05.681Z,2024-08-13T18:30:00.000Z,2024-08-14
66c333e09e25e275ce28cefd,HCLTECH,EQ,N,1685.0,1659.05,1665.0,1678.5,1677.2,1668.25,1631947,2731900621.1,1697.35,1139.3,1008521,61.8,68733,1674.01,2024-08-19,INE860A01027,2024-08-19T12:00:32.755Z,2024-08-19T12:00:32.755Z,2024-08-18T18:30:00.000Z,2024-08-19
66c485616ed189eaad184d29,HCLTECH,EQ,N,1695.05,1669.2,1680.0,1686.75,1688.65,1678.5,2786109,4685688913.85,1697.35,1139.3,2130591,76.47,87014,1681.8,2024-08-20,INE860A01027,2024-08-20T12:00:33.455Z,2024-08-20T12:00:33.455Z,2024-08-19T18:30:00.000Z,2024-08-20
66c5d6e07450e8bd160ef512,HCLTECH,EQ,N,1688.85,1673.75,1686.0,1677.25,1679.0,1686.75,1410370,2367289464.25,1697.35,1139.3,1012067,71.76,72539,1678.49,2024-08-21,INE860A01027,2024-08-21T12:00:32.888Z,2024-08-21T12:00:32.888Z,2024-08-20T18:30:00.000Z,2024-08-21
66c7285fa6c9947ff6c342c1,HCLTECH,EQ,N,1687.0,1673.0,1687.0,1676.15,1675.0,1677.25,1749127,2935942084.1,1697.35,1139.3,1193186,68.22,108937,1678.52,2024-08-22,INE860A01027,2024-08-22T12:00:31.752Z,2024-08-22T12:00:31.752Z,2024-08-21T18:30:00.000Z,2024-08-22
66c879e1058b8575098410d4,HCLTECH,EQ,N,1685.95,1657.15,1676.05,1661.45,1662.9,1676.15,2158185,3598384728.9,1697.35,1139.3,1459740,67.64,122406,1667.32,2024-08-23,INE860A01027,2024-08-23T12:00:33.596Z,2024-08-23T12:00:33.596Z,2024-08-22T18:30:00.000Z,2024-08-23
66c5d6de7450e8bd160eed11,HDFCBANK,EQ,N,1634.55,1617.8,1628.1,1625.8,1628.0,1637.7,23815452,38696527016.25,1794.0,1363.55,14602427,61.31,323415,1624.85,2024-08-21,INE040A01034,2024-08-21T12:00:30.849Z,2024-08-21T12:00:30.849Z,2024-08-20T18:30:00.000Z,2024-08-21
66c7285da6c9947ff6c32aff,HDFCBANK,EQ,N,1638.3,1628.0,1632.0,1631.3,1628.95,1625.8,10650319,17387521802.75,1794.0,1363.55,6904642,64.83,272441,1632.58,2024-08-22,INE040A01034,2024-08-22T12:00:29.146Z,2024-08-22T12:00:29.146Z,2024-08-21T18:30:00.000Z,2024-08-22
66c879df058b8575098408ee,HDFCBANK,EQ,N,1634.0,1623.0,1634.0,1625.05,1625.2,1631.3,10166711,16547668751.15,1794.0,1363.55,7212100,70.94,212238,1627.63,2024-08-23,INE040A01034,2024-08-23T12:00:31.667Z,2024-08-23T12:00:31.667Z,2024-08-22T18:30:00.000Z,2024-08-23
66cc6e5fba69ced25fa28a1d,HDFCBANK,EQ,N,1647.95,1632.2,1632.2,1639.95,1640.0,1625.05,11182133,18364486559.55,1794.0,1363.55,7846052,70.17,275112,1642.31,2024-08-26,INE040A01034,2024-08-26T12:00:31.277Z,2024-08-26T12:00:31.277Z,2024-08-25T18:30:00.000Z,2024-08-26
66cde2ab518659f3060a03f8,HDFCBANK,EQ,N,1647.4,1632.2,1643.4,1637.75,1634.45,1639.95,17886622,29326792469.0,1794.0,1363.55,11020707,61.61,292507,1639.59,2024-08-27,INE040A01034,2024-08-27T14:28:59.812Z,2024-08-27T14:28:59.812Z,2024-08-26T18:30:00.000Z,2024-08-27
66cf11667b802c4bfaae09ca,HDFCBANK,EQ,N,1639.75,1630.2,1637.75,1637.1,1635.95,1637.75,13460594,22025391586.45,1794.0,1363.55,8541633,63.46,275424,1636.29,2024-08-28,INE040A01034,2024-08-28T12:00:38.196Z,2024-08-28T12:00:38.196Z,2024-08-27T18:30:00.000Z,2024-08-28
66d062e1f5482a5c7eaf90a1,HDFCBANK,EQ,N,1644.4,1631.15,1642.0,1638.55,1639.95,1637.1,24526302,40163206501.15,1794.0,1363.55,18760652,76.49,432962,1637.56,2024-08-29,INE040A01034,2024-08-29T12:00:33.633Z,2024-08-29T12:00:33.633Z,2024-08-28T18:30:00.000Z,2024-08-29
66d1b45de006af35e6e8d116,HDFCBANK,EQ,N,1662.0,1621.15,1656.0,1636.9,1625.75,1638.55,222671050,364811305104.2,1794.0,1363.55,154380134,69.33,564643,1638.34,2024-08-30,INE040A01034,2024-08-30T12:00:29.181Z,2024-08-30T12:00:29.181Z,2024-08-29T18:30:00.000Z,2024-08-30
66c7285ea6c9947ff6c3359c,HDFCLIFE,EQ,N,729.9,720.05,726.0,726.0,726.6,724.55,3889249,2822616856.4,729.9,511.4,2511699,64.58,114727,725.75,2024-08-22,INE795G01014,2024-08-22T12:00:30.275Z,2024-08-22T12:00:30.275Z,2024-08-21T18:30:00.000Z,2024-08-22
66c879e0058b857509840c78,HDFCLIFE,EQ,N,730.5,723.45,725.0,729.0,726.95,726.0,3898989,2839559246.25,730.5,511.4,2670901,68.5,54395,728.28,2024-08-23,INE795G01014,2024-08-23T12:00:32.508Z,2024-08-23T12:00:32.508Z,2024-08-22T18:30:00.000Z,2024-08-23
66b2105f8897c6b999ebf17b,HINDUNILVR,EQ,N,2771.75,2708.65,2720.1,2750.05,2757.6,2715.9,2296031,6318239055.7,2811.3,2172.05,1489954,64.89,129458,2751.81,2024-08-06,INE030A01027,2024-08-06T12:00:31.903Z,2024-08-06T12:00:31.903Z,2024-08-05T18:30:00.000Z,2024-08-06
66b361df25658921b21ce9b3,HINDUNILVR,EQ,N,2781.85,2735.5,2781.7,2744.05,2742.95,2750.05,1713875,4727699643.3,2811.3,2172.05,1198645,69.94,108113,2758.49,2024-08-07,INE030A01027,2024-08-07T12:00:31.897Z,2024-08-07T12:00:31.897Z,2024-08-06T18:30:00.000Z,2024-08-07
66b9f95b8308cafe1544ba4a,HINDUNILVR,EQ,N,2763.4,2722.4,2738.0,2748.7,2750.0,2747.2,1297178,3563650159.05,2811.3,2172.05,892152,68.78,69639,2747.23,2024-08-12,INE030A01027,2024-08-12T12:00:27.434Z,2024-08-12T12:00:27.434Z,2024-08-11T18:30:00.000Z,2024-08-12
66bb4adb8ef9995963de04b8,HINDUNILVR,EQ,N,2757.65,2730.1,2742.0,2741.4,2739.05,2748.7,1051237,2884386238.65,2811.3,2172.05,721187,68.6,81551,2743.8,2024-08-13,INE030A01027,2024-08-13T12:00:27.591Z,2024-08-13T12:00:27.591Z,2024-08-12T18:30:00.000Z,2024-08-13
66bcc583ee2fb2a6f739244f,HINDUNILVR,EQ,N,2742.55,2706.6,2741.0,2722.05,2721.15,2741.4,946995,2582261363.65,2811.3,2172.05,570451,60.24,63014,2726.8,2024-08-14,INE030A01027,2024-08-14T14:56:03.481Z,2024-08-14T14:56:03.481Z,2024-08-13T18:30:00.000Z,2024-08-14
66c333de9e25e275ce28bc4b,HINDUNILVR,EQ,N,2759.75,2737.05,2750.05,2742.55,2739.0,2748.25,1130327,3105867280.95,2811.3,2172.05,849577,75.16,50920,2747.76,2024-08-19,INE030A01027,2024-08-19T12:00:30.391Z,2024-08-19T12:00:30.391Z,2024-08-18T18:30:00.000Z,2024-08-19
66c4855f6ed189eaad1846d8,HINDUNILVR,EQ,N,2756.25,2735.05,2742.55,2751.05,2748.0,2742.55,1097889,3013428066.55,2811.3,2172.05,828235,75.44,62029,2744.75,2024-08-20,INE030A01027,2024-08-20T12:00:31.760Z,2024-08-20T12:00:31.760Z,2024-08-19T18:30:00.000Z,2024-08-20
66c5d6df7450e8bd160eeed1,HINDUNILVR,EQ,N,2795.1,2742.95,2749.5,2791.2,2792.0,2751.05,1417729,3937972378.2,2811.3,2172.05,960550,67.75,62628,2777.66,2024-08-21,INE030A01027,2024-08-21T12:00:31.273Z,2024-08-21T12:00:31.273Z,2024-08-20T18:30:00.000Z,2024-08-21
66c7285da6c9947ff6c33038,HINDUNILVR,EQ,N,2810.0,2782.1,2802.95,2792.8,2792.5,2791.2,1552947,4336174134.55,2811.3,2172.05,1029229,66.28,84104,2792.22,2024-08-22,INE030A01027,2024-08-22T12:00:29.719Z,2024-08-22T12:00:29.719Z,2024-08-21T18:30:00.000Z,2024-08-22
66c879e0058b857509840aa3,HINDUNILVR,EQ,N,2821.0,2771.35,2799.2,2815.6,2810.5,2792.8,2111401,5920102615.25,2821.0,2172.05,1510253,71.53,106915,2803.87,2024-08-23,INE030A01027,2024-08-23T12:00:32.045Z,2024-08-23T12:00:32.045Z,2024-08-22T18:30:00.000Z,2024-08-23
66cde2ac518659f3060a0951,HINDUNILVR,EQ,N,2824.1,2759.55,2809.0,2766.9,2767.0,2821.15,1357212,3778361103.1,2834.95,2172.05,986503,72.69,80220,2783.91,2024-08-27,INE030A01027,2024-08-27T14:29:00.413Z,2024-08-27T14:29:00.413Z,2024-08-26T18:30:00.000Z,2024-08-27
66cf11667b802c4bfaae0f4b,HINDUNILVR,EQ,N,2781.75,2745.75,2760.0,2764.35,2765.0,2766.9,1723549,4754453949.85,2834.95,2172.05,1268547,73.6,91496,2758.53,2024-08-28,INE030A01027,2024-08-28T12:00:38.766Z,2024-08-28T12:00:38.766Z,2024-08-27T18:30:00.000Z,2024-08-28
66c7285da6c9947ff6c32ba8,ICICIBANK,EQ,N,1192.6,1176.6,1182.0,1191.1,1190.85,1174.85,8564142,10169462494.05,1257.8,899.0,5412334,63.2,248029,1187.45,2024-08-22,INE090A01021,2024-08-22T12:00:29.213Z,2024-08-22T12:00:29.213Z,2024-08-21T18:30:00.000Z,2024-08-22
66c879df058b85750984092c,ICICIBANK,EQ,N,1205.0,1188.55,1193.0,1203.5,1204.6,1191.1,7518309,9021422625.6,1257.8,899.0,4757508,63.28,173481,1199.93,2024-08-23,INE090A01021,2024-08-23T12:00:31.720Z,2024-08-23T12:00:31.720Z,2024-08-22T18:30:00.000Z,2024-08-23
66b9f97ee011553e44485269,INDUSINDBK,EQ,N,1357.6,1336.65,1349.8,1350.85,1349.75,1349.8,4436342,5988972384.75,1694.5,1329.2,2799010,63.09,141631,1349.98,2024-08-12,INE095A01012,2024-08-12T12:01:02.324Z,2024-08-12T12:01:02.324Z,2024-08-11T18:30:00.000Z,2024-08-12
66bb4afd43944ad5f60bb0ce,INDUSINDBK,EQ,N,1371.65,1343.5,1355.0,1350.6,1348.5,1350.85,3905817,5298564482.25,1694.5,1329.2,2396322,61.35,110670,1356.58,2024-08-13,INE095A01012,2024-08-13T12:01:01.952Z,2024-08-13T12:01:01.952Z,2024-08-12T18:30:00.000Z,2024-08-13
66bc9c7ee5e9e337a4e00d35,INDUSINDBK,EQ,N,1356.95,1335.95,1356.95,1338.1,1343.0,1350.6,4868357,6540293586.8,1694.5,1329.2,3079570,63.26,130366,1343.43,2024-08-14,INE095A01012,2024-08-14T12:01:02.147Z,2024-08-14T12:01:02.147Z,2024-08-13T18:30:00.000Z,2024-08-14
66b9f95b8308cafe1544bb1b,INFY,EQ,N,1803.5,1768.1,1773.05,1797.4,1793.3,1770.75,4315329,7737916018.35,1903.0,1351.65,2803139,64.96,138899,1793.12,2024-08-12,INE009A01021,2024-08-12T12:00:27.641Z,2024-08-12T12:00:27.641Z,2024-08-11T18:30:00.000Z,2024-08-12
66bb4adb8ef9995963de0587,INFY,EQ,N,1810.0,1789.05,1810.0,1797.45,1795.95,1797.4,4176918,7515536069.05,1903.0,1351.65,2797011,66.96,152390,1799.3,2024-08-13,INE009A01021,2024-08-13T12:00:27.775Z,2024-08-13T12:00:27.775Z,2024-08-12T18:30:00.000Z,2024-08-13
66bcc583ee2fb2a6f739251f,INFY,EQ,N,1825.0,1797.45,1802.0,1823.25,1820.0,1797.45,7450718,13513504750.8,1903.0,1351.65,5099465,68.44,195413,1813.72,2024-08-14,INE009A01021,2024-08-14T14:56:03.776Z,2024-08-14T14:56:03.776Z,2024-08-13T18:30:00.000Z,2024-08-14
66c333de9e25e275ce28beb5,INFY,EQ,N,1867.55,1849.2,1860.0,1864.8,1865.0,1858.95,2585989,4815890949.8,1903.0,1351.65,1682024,65.04,140168,1862.3,2024-08-19,INE009A01021,2024-08-19T12:00:30.640Z,2024-08-19T12:00:30.640Z,2024-08-18T18:30:00.000Z,2024-08-19
66c4855f6ed189eaad1847a8,INFY,EQ,N,1885.7,1868.2,1880.0,1872.2,1871.0,1864.8,3870333,7257635525.75,1903.0,1351.65,2795587,72.23,141879,1875.2,2024-08-20,INE009A01021,2024-08-20T12:00:31.958Z,2024-08-20T12:00:31.958Z,2024-08-19T18:30:00.000Z,2024-08-20
66c5d6df7450e8bd160eefa2,INFY,EQ,N,1879.0,1867.1,1875.1,1872.7,1872.6,1872.2,1966902,3681187613.5,1903.0,1351.65,1393116,70.83,116979,1871.57,2024-08-21,INE009A01021,2024-08-21T12:00:31.467Z,2024-08-21T12:00:31.467Z,2024-08-20T18:30:00.000Z,2024-08-21
66c7285da6c9947ff6c3329b,INFY,EQ,N,1893.65,1869.7,1884.0,1880.25,1879.95,1872.7,4300287,8086221002.75,1903.0,1351.65,2815163,65.46,185241,1880.39,2024-08-22,INE009A01021,2024-08-22T12:00:29.970Z,2024-08-22T12:00:29.970Z,2024-08-21T18:30:00.000Z,2024-08-22
66c879e0058b857509840b77,INFY,EQ,N,1882.6,1857.0,1878.2,1862.1,1865.95,1880.25,5015935,9351150975.1,1903.0,1351.65,3349976,66.79,158876,1864.29,2024-08-23,INE009A01021,2024-08-23T12:00:32.278Z,2024-08-23T12:00:32.278Z,2024-08-22T18:30:00.000Z,2024-08-23
66cc6e60ba69ced25fa291f3,INFY,EQ,N,1888.75,1864.0,1870.0,1876.15,1878.0,1862.1,3728589,7008612072.55,1903.0,1351.65,2632742,70.61,164417,1879.7,2024-08-26,INE009A01021,2024-08-26T12:00:32.117Z,2024-08-26T12:00:32.117Z,2024-08-25T18:30:00.000Z,2024-08-26
66cde2ac518659f3060a0bc5,INFY,EQ,N,1902.75,1873.9,1876.15,1900.1,1898.0,1876.15,3830679,7260360446.0,1903.0,1351.65,2434852,63.56,169020,1895.32,2024-08-27,INE009A01021,2024-08-27T14:29:00.657Z,2024-08-27T14:29:00.657Z,2024-08-26T18:30:00.000Z,2024-08-27
66b0bedd24ac63aa548e3de1,ITC,EQ,N,491.9,479.55,480.05,486.0,485.9,489.1,24094139,11705282411.05,510.65,399.35,15735760,65.31,240878,485.81,2024-08-05,INE154A01025,2024-08-05T12:00:29.372Z,2024-08-05T12:00:29.372Z,2024-08-04T18:30:00.000Z,2024-08-05
66b2105f8897c6b999ebefc8,ITC,EQ,N,491.7,484.05,486.25,486.3,487.8,486.0,13722855,6690115892.1,510.65,399.35,8617469,62.8,165576,487.52,2024-08-06,INE154A01025,2024-08-06T12:00:31.518Z,2024-08-06T12:00:31.518Z,2024-08-05T18:30:00.000Z,2024-08-06
66b4b35fc885d3c32a444fa5,ITC,EQ,N,498.0,492.5,494.0,494.75,494.15,492.65,20558134,10175999936.05,510.65,399.35,12748162,62.01,250724,494.99,2024-08-08,INE154A01025,2024-08-08T12:00:31.114Z,2024-08-08T12:00:31.114Z,2024-08-07T18:30:00.000Z,2024-08-08
66b604fe667796db7991304e,ITC,EQ,N,498.0,493.1,498.0,495.9,496.15,494.75,9201793,4558387017.25,510.65,399.35,6117841,66.49,144367,495.38,2024-08-09,INE154A01025,2024-08-09T12:01:02.026Z,2024-08-09T12:01:02.026Z,2024-08-08T18:30:00.000Z,2024-08-09
66c7285fa6c9947ff6c33e33,KOTAKBANK,EQ,N,1824.3,1805.8,1814.0,1821.5,1821.0,1812.95,3217988,5844327526.35,1926.5,1543.85,2126705,66.09,99422,1816.14,2024-08-22,INE237A01028,2024-08-22T12:00:31.247Z,2024-08-22T12:00:31.247Z,2024-08-21T18:30:00.000Z,2024-08-22
66c879e1058b857509840f52,KOTAKBANK,EQ,N,1827.9,1812.7,1821.5,1818.0,1819.9,1821.5,1815186,3305326284.7,1926.5,1543.85,1165724,64.22,70567,1820.93,2024-08-23,INE237A01028,2024-08-23T12:00:33.208Z,2024-08-23T12:00:33.208Z,2024-08-22T18:30:00.000Z,2024-08-23
66d062e3f5482a5c7eafa3ca,KOTAKBANK,EQ,N,1798.5,1773.0,1783.25,1777.25,1777.85,1791.3,5531158,9866069133.0,1926.5,1543.85,3740068,67.62,149451,1783.73,2024-08-29,INE237A01028,2024-08-29T12:00:35.535Z,2024-08-29T12:00:35.535Z,2024-08-28T18:30:00.000Z,2024-08-29
66d1b45fe006af35e6e8e5af,KOTAKBANK,EQ,N,1790.0,1774.35,1777.3,1780.8,1780.0,1777.25,7458172,13285428435.2,1926.5,1543.85,5747737,77.07,135803,1781.33,2024-08-30,INE237A01028,2024-08-30T12:00:31.397Z,2024-08-30T12:00:31.397Z,2024-08-29T18:30:00.000Z,2024-08-30
66b9f980e011553e4448660e,LT,EQ,N,3611.0,3563.0,3579.0,3571.95,3573.0,3592.05,1965035,7043299073.45,3919.9,2616.0,1247326,63.48,121950,3584.31,2024-08-12,INE018A01030,2024-08-12T12:01:04.362Z,2024-08-12T12:01:04.362Z,2024-08-11T18:30:00.000Z,2024-08-12
66bb4aff43944ad5f60bc42e,LT,EQ,N,3607.0,3545.2,3580.0,3551.8,3551.0,3571.95,1316218,4703098657.5,3919.9,2616.0,828185,62.92,85677,3573.19,2024-08-13,INE018A01030,2024-08-13T12:01:03.918Z,2024-08-13T12:01:03.918Z,2024-08-12T18:30:00.000Z,2024-08-13
66bc9c7fe5e9e337a4e02080,LT,EQ,N,3578.7,3536.5,3558.95,3545.2,3540.05,3551.8,1584372,5635385430.6,3919.9,2616.0,1101066,69.5,86539,3556.86,2024-08-14,INE018A01030,2024-08-14T12:01:03.776Z,2024-08-14T12:01:03.776Z,2024-08-13T18:30:00.000Z,2024-08-14
66c33400791b610bc60270e1,LT,EQ,N,3599.9,3547.0,3599.85,3555.05,3558.1,3568.35,1898535,6761408510.4,3919.9,2623.45,1256733,66.19,98035,3561.38,2024-08-19,INE018A01030,2024-08-19T12:01:04.010Z,2024-08-19T12:01:04.010Z,2024-08-18T18:30:00.000Z,2024-08-19
66c48580ca024ae00a382979,LT,EQ,N,3580.0,3548.0,3562.0,3572.7,3579.0,3555.05,1285569,4587442113.55,3919.9,2623.45,917563,71.37,78801,3568.41,2024-08-20,INE018A01030,2024-08-20T12:01:04.155Z,2024-08-20T12:01:04.155Z,2024-08-19T18:30:00.000Z,2024-08-20
66c48580ca024ae00a382a1c,MARUTI,EQ,N,12310.0,12150.1,12160.5,12214.95,12208.0,12149.8,471927,5766407142.5,13680.0,9409.7,315372,66.83,43796,12218.85,2024-08-20,INE585B01010,2024-08-20T12:01:04.211Z,2024-08-20T12:01:04.211Z,2024-08-19T18:30:00.000Z,2024-08-20
66c5d6ff7d87ff8fce09df67,MARUTI,EQ,N,12248.95,12177.05,12214.95,12220.95,12218.05,12214.95,295984,3615954054.3,13680.0,9409.7,189763,64.11,37207,12216.72,2024-08-21,INE585B01010,2024-08-21T12:01:03.972Z,2024-08-21T12:01:03.972Z,2024-08-20T18:30:00.000Z,2024-08-21
66c7287fca847f6a4b1ec2f6,MARUTI,EQ,N,12325.0,12181.0,12280.0,12276.35,12305.05,12220.95,501316,6138135178.6,13680.0,9409.7,354068,70.63,61928,12244.04,2024-08-22,INE585B01010,2024-08-22T12:01:03.931Z,2024-08-22T12:01:03.931Z,2024-08-21T18:30:00.000Z,2024-08-22
66d0630028fe008f761c012a,MARUTI,EQ,N,12480.0,12250.0,12343.0,12453.8,12450.0,12357.5,608598,7513925308.0,13680.0,9506.0,382443,62.84,77935,12346.29,2024-08-29,INE585B01010,2024-08-29T12:01:04.356Z,2024-08-29T12:01:04.356Z,2024-08-28T18:30:00.000Z,2024-08-29
66d1b47f9893039700145a7b,MARUTI,EQ,N,12570.0,12316.2,12460.0,12403.0,12461.8,12453.8,2271179,28193105736.65,13680.0,9506.0,1670252,73.54,113338,12413.42,2024-08-30,INE585B01010,2024-08-30T12:01:03.984Z,2024-08-30T12:01:03.984Z,2024-08-29T18:30:00.000Z,2024-08-30
66b210618897c6b999ebf853,NESTLEIND,EQ,N,2528.0,2501.0,2513.9,2508.5,2510.0,2510.9,949431,2386920838.25,27693.0,2327.45,598932,63.08,60068,2514.05,2024-08-06,INE239A01024,2024-08-06T12:00:33.665Z,2024-08-06T12:00:33.665Z,2024-08-05T18:30:00.000Z,2024-08-06
66b361e225658921b21cfda7,NESTLEIND,EQ,N,2528.95,2510.25,2518.55,2522.8,2520.0,2508.5,649970,1637355270.95,27693.0,2327.45,488776,75.2,57091,2519.12,2024-08-07,INE239A01024,2024-08-07T12:00:34.047Z,2024-08-07T12:00:34.047Z,2024-08-06T18:30:00.000Z,2024-08-07
66b4b361c885d3c32a44686e,NESTLEIND,EQ,N,2525.0,2478.0,2518.55,2489.1,2491.0,2522.8,1425006,3550480030.55,27693.0,2327.45,1020472,71.61,103684,2491.55,2024-08-08,INE239A01024,2024-08-08T12:00:33.757Z,2024-08-08T12:00:33.757Z,2024-08-07T18:30:00.000Z,2024-08-08
66b9f95d8308cafe1544c0f9,NESTLEIND,EQ,N,2509.95,2468.35,2501.8,2473.1,2474.1,2504.7,475020,1178554601.25,27693.0,2327.45,300381,63.24,53868,2481.06,2024-08-12,INE239A01024,2024-08-12T12:00:29.164Z,2024-08-12T12:00:29.164Z,2024-08-11T18:30:00.000Z,2024-08-12
66bb4add8ef9995963de0b53,NESTLEIND,EQ,N,2492.0,2473.5,2474.0,2484.7,2480.45,2473.1,311846,774536215.55,27693.0,2327.45,190491,61.08,36415,2483.71,2024-08-13,INE239A01024,2024-08-13T12:00:29.351Z,2024-08-13T12:00:29.351Z,2024-08-12T18:30:00.000Z,2024-08-13
66bcc585ee2fb2a6f7392ade,NESTLEIND,EQ,N,2491.95,2460.6,2486.9,2474.6,2478.0,2484.7,561876,1389709255.6,27693.0,2327.45,392341,69.83,47912,2473.34,2024-08-14,INE239A01024,2024-08-14T14:56:05.796Z,2024-08-14T14:56:05.796Z,2024-08-13T18:30:00.000Z,2024-08-14
66c333e09e25e275ce28d00a,NESTLEIND,EQ,N,2546.0,2500.55,2530.0,2503.15,2505.05,2525.45,477701,1200707670.65,27693.0,2327.45,316126,66.18,40874,2513.51,2024-08-19,INE239A01024,2024-08-19T12:00:32.907Z,2024-08-19T12:00:32.907Z,2024-08-18T18:30:00.000Z,2024-08-19
66c485616ed189eaad184d83,NESTLEIND,EQ,N,2526.0,2499.05,2510.6,2518.5,2525.0,2503.15,484732,1217572880.9,27693.0,2327.45,352296,72.68,35002,2511.85,2024-08-20,INE239A01024,2024-08-20T12:00:33.562Z,2024-08-20T12:00:33.562Z,2024-08-19T18:30:00.000Z,2024-08-20
66cc6e62ba69ced25fa2a3d4,NESTLEIND,EQ,N,2545.0,2507.95,2529.2,2519.55,2529.9,2529.2,633399,1598948499.45,27693.0,2327.45,427933,67.56,33683,2524.39,2024-08-26,INE239A01024,2024-08-26T12:00:34.014Z,2024-08-26T12:00:34.014Z,2024-08-25T18:30:00.000Z,2024-08-26
66cde2ae518659f3060a1d38,NESTLEIND,EQ,N,2532.8,2511.5,2528.65,2521.45,2522.95,2519.55,391065,986842470.7,27693.0,2327.45,258983,66.23,31967,2523.47,2024-08-27,INE239A01024,2024-08-27T14:29:02.487Z,2024-08-27T14:29:02.487Z,2024-08-26T18:30:00.000Z,2024-08-27
66cf11687b802c4bfaae2351,NESTLEIND,EQ,N,2519.0,2490.0,2519.0,2492.5,2494.65,2521.45,565161,1412420642.5,27693.0,2327.45,361069,63.89,54313,2499.15,2024-08-28,INE239A01024,2024-08-28T12:00:40.896Z,2024-08-28T12:00:40.896Z,2024-08-27T18:30:00.000Z,2024-08-28
66d062e4f5482a5c7eafa981,NESTLEIND,EQ,N,2519.45,2490.65,2498.9,2504.55,2505.0,2492.5,899794,2253779436.9,27693.0,2327.45,549879,61.11,81622,2504.77,2024-08-29,INE239A01024,2024-08-29T12:00:36.138Z,2024-08-29T12:00:36.138Z,2024-08-28T18:30:00.000Z,2024-08-29
66d1b460e006af35e6e8eb8b,NESTLEIND,EQ,N,2517.3,2491.8,2504.55,2500.75,2506.0,2504.55,1904487,4765395670.0,27693.0,2327.45,1403145,73.68,84935,2502.19,2024-08-30,INE239A01024,2024-08-30T12:00:32.082Z,2024-08-30T12:00:32.082Z,2024-08-29T18:30:00.000Z,2024-08-30
66b36200c65c452d432b4da8,NTPC,EQ,N,421.0,415.0,421.0,416.3,416.2,415.0,15556736,6487490563.6,426.3,211.8,9562163,61.47,151513,417.02,2024-08-07,INE733E01010,2024-08-07T12:01:04.226Z,2024-08-07T12:01:04.226Z,2024-08-06T18:30:00.000Z,2024-08-07
66b4b380beafe5d0f8085227,NTPC,EQ,N,417.0,405.8,416.35,407.7,408.1,416.3,16447385,6757963950.65,426.3,211.8,10116349,61.51,172364,410.88,2024-08-08,INE733E01010,2024-08-08T12:01:04.519Z,2024-08-08T12:01:04.519Z,2024-08-07T18:30:00.000Z,2024-08-08
66b9f95b8308cafe1544ba7c,POWERGRID,EQ,N,343.8,339.5,343.0,341.15,341.2,346.0,12521136,4281783953.3,362.5,190.65,8269802,66.05,114657,341.96,2024-08-12,INE752E01010,2024-08-12T12:00:27.480Z,2024-08-12T12:00:27.480Z,2024-08-11T18:30:00.000Z,2024-08-12
66bb4adb8ef9995963de04ed,POWERGRID,EQ,N,342.45,335.15,337.0,336.95,335.8,341.15,10435954,3536733917.35,362.5,190.65,6423730,61.55,121895,338.9,2024-08-13,INE752E01010,2024-08-13T12:00:27.634Z,2024-08-13T12:00:27.634Z,2024-08-12T18:30:00.000Z,2024-08-13
66bcc583ee2fb2a6f7392480,POWERGRID,EQ,N,338.35,332.5,337.0,333.5,333.3,336.95,12385993,4145872442.35,362.5,190.65,8165980,65.93,100734,334.72,2024-08-14,INE752E01010,2024-08-14T14:56:03.546Z,2024-08-14T14:56:03.546Z,2024-08-13T18:30:00.000Z,2024-08-14
66c4855f6ed189eaad18470e,POWERGRID,EQ,N,342.65,338.8,340.45,340.5,340.75,340.3,6393840,2178534493.75,362.5,190.65,4131668,64.62,65261,340.72,2024-08-20,INE752E01010,2024-08-20T12:00:31.812Z,2024-08-20T12:00:31.812Z,2024-08-19T18:30:00.000Z,2024-08-20
66c5d6df7450e8bd160eef05,POWERGRID,EQ,N,340.95,336.15,340.0,336.65,337.25,340.5,10118601,3424079784.35,362.5,190.65,7366362,72.8,105780,338.39,2024-08-21,INE752E01010,2024-08-21T12:00:31.324Z,2024-08-21T12:00:31.324Z,2024-08-20T18:30:00.000Z,2024-08-21
66c7285da6c9947ff6c330d3,POWERGRID,EQ,N,337.7,330.5,336.0,334.0,333.95,336.65,18370039,6122562051.55,362.5,190.65,11869961,64.62,164072,333.29,2024-08-22,INE752E01010,2024-08-22T12:00:29.783Z,2024-08-22T12:00:29.783Z,2024-08-21T18:30:00.000Z,2024-08-22
66c879e0058b857509840ada,POWERGRID,EQ,N,336.95,333.35,334.65,336.25,336.2,334.0,7494822,2513665341.1,362.5,190.65,4705048,62.78,85600,335.39,2024-08-23,INE752E01010,2024-08-23T12:00:32.104Z,2024-08-23T12:00:32.104Z,2024-08-22T18:30:00.000Z,2024-08-23
66b361e025658921b21cef80,RELIANCE,EQ,N,2945.0,2923.0,2938.0,2929.65,2930.0,2912.1,4087284,11979363870.55,3217.6,2220.3,2597947,63.56,276362,2930.89,2024-08-07,INE002A01018,2024-08-07T12:00:32.489Z,2024-08-07T12:00:32.489Z,2024-08-06T18:30:00.000Z,2024-08-07
66b4b360c885d3c32a445a2f,RELIANCE,EQ,N,2930.0,2891.85,2915.05,2898.25,2896.45,2929.65,6193596,17996662105.65,3217.6,2220.3,3734582,60.3,255138,2905.69,2024-08-08,INE002A01018,2024-08-08T12:00:32.277Z,2024-08-08T12:00:32.277Z,2024-08-07T18:30:00.000Z,2024-08-08
66c333de9e25e275ce28c1ed,RELIANCE,EQ,N,2996.6,2961.0,2965.0,2976.8,2979.0,2956.4,6898871,20560327724.6,3217.6,2220.3,4627354,67.07,200328,2980.25,2024-08-19,INE002A01018,2024-08-19T12:00:30.968Z,2024-08-19T12:00:30.968Z,2024-08-18T18:30:00.000Z,2024-08-19
66c485606ed189eaad1848b6,RELIANCE,EQ,N,3007.85,2980.05,2994.45,2991.9,2986.5,2976.8,4205904,12605024714.4,3217.6,2220.3,2765914,65.76,175516,2996.98,2024-08-20,INE002A01018,2024-08-20T12:00:32.257Z,2024-08-20T12:00:32.257Z,2024-08-19T18:30:00.000Z,2024-08-20
66c5d6df7450e8bd160ef0af,RELIANCE,EQ,N,3015.75,2980.0,2986.5,2997.35,2999.0,2991.9,3884998,11660526038.6,3217.6,2220.3,2516019,64.76,141353,3001.42,2024-08-21,INE002A01018,2024-08-21T12:00:31.725Z,2024-08-21T12:00:31.725Z,2024-08-20T18:30:00.000Z,2024-08-21
66c7285ea6c9947ff6c335d9,RELIANCE,EQ,N,3013.0,2981.3,3006.0,2996.25,2996.5,2997.35,5222891,15641935953.2,3217.6,2220.3,3222286,61.7,233216,2994.88,2024-08-22,INE002A01018,2024-08-22T12:00:30.306Z,2024-08-22T12:00:30.306Z,2024-08-21T18:30:00.000Z,2024-08-22
66cc6e60ba69ced25fa29554,RELIANCE,EQ,N,3046.0,3006.0,3013.95,3025.2,3021.2,2999.95,4408057,13351114538.35,3217.6,2220.3,2704777,61.36,237540,3028.8,2024-08-26,INE002A01018,2024-08-26T12:00:32.460Z,2024-08-26T12:00:32.460Z,2024-08-25T18:30:00.000Z,2024-08-26
66cde2ac518659f3060a0ef2,RELIANCE,EQ,N,3026.95,2998.9,3021.0,3000.9,3001.0,3025.2,3125578,9402108149.05,3217.6,2220.3,2014932,64.47,101024,3008.12,2024-08-27,INE002A01018,2024-08-27T14:29:00.970Z,2024-08-27T14:29:00.970Z,2024-08-26T18:30:00.000Z,2024-08-27
66cf11677b802c4bfaae14f3,RELIANCE,EQ,N,3014.95,2986.0,3010.0,2996.6,2999.0,3000.9,4805143,14413356125.8,3217.6,2220.3,3480824,72.44,200883,2999.57,2024-08-28,INE002A01018,2024-08-28T12:00:39.336Z,2024-08-28T12:00:39.336Z,2024-08-27T18:30:00.000Z,2024-08-28
66b361ffc65c452d432b4503,SUNPHARMA,EQ,N,1736.85,1709.4,1720.0,1734.45,1732.5,1707.55,1922313,3327450519.75,1758.0,1068.35,1366055,71.06,121844,1730.96,2024-08-07,INE044A01036,2024-08-07T12:01:03.458Z,2024-08-07T12:01:03.458Z,2024-08-06T18:30:00.000Z,2024-08-07
66b4b37fbeafe5d0f8084968,SUNPHARMA,EQ,N,1748.65,1728.35,1735.0,1737.05,1732.6,1734.45,2480113,4312861224.05,1758.0,1068.35,1566944,63.18,118685,1738.98,2024-08-08,INE044A01036,2024-08-08T12:01:03.557Z,2024-08-08T12:01:03.557Z,2024-08-07T18:30:00.000Z,2024-08-08
66b9f97fe011553e44485dee,SUNPHARMA,EQ,N,1748.5,1730.05,1735.0,1733.85,1733.8,1735.3,1526788,2654416880.15,1758.0,1068.35,1116183,73.11,56134,1738.56,2024-08-12,INE044A01036,2024-08-12T12:01:03.557Z,2024-08-12T12:01:03.557Z,2024-08-11T18:30:00.000Z,2024-08-12
66bb4aff43944ad5f60bbc09,SUNPHARMA,EQ,N,1751.85,1725.6,1740.0,1740.1,1738.0,1733.85,2076963,3617511597.75,1758.0,1068.35,1460864,70.34,113509,1741.73,2024-08-13,INE044A01036,2024-08-13T12:01:03.105Z,2024-08-13T12:01:03.105Z,2024-08-12T18:30:00.000Z,2024-08-13
66bc9c7fe5e9e337a4e0184f,SUNPHARMA,EQ,N,1753.0,1732.6,1747.5,1741.65,1740.8,1740.1,2207250,3844152008.85,1758.0,1068.35,1596783,72.34,95089,1741.6,2024-08-14,INE044A01036,2024-08-14T12:01:03.084Z,2024-08-14T12:01:03.084Z,2024-08-13T18:30:00.000Z,2024-08-14
66c333ff791b610bc60268b7,SUNPHARMA,EQ,N,1752.85,1740.65,1752.85,1747.8,1745.0,1742.75,1363446,2381278384.95,1758.0,1068.35,969730,71.12,60625,1746.51,2024-08-19,INE044A01036,2024-08-19T12:01:03.254Z,2024-08-19T12:01:03.254Z,2024-08-18T18:30:00.000Z,2024-08-19
66c4857fca024ae00a382127,SUNPHARMA,EQ,N,1770.8,1745.15,1751.8,1766.35,1764.05,1747.8,1766597,3109133744.3,1770.8,1068.35,1126575,63.77,90223,1759.96,2024-08-20,INE044A01036,2024-08-20T12:01:03.367Z,2024-08-20T12:01:03.367Z,2024-08-19T18:30:00.000Z,2024-08-20
66c5d6ff7d87ff8fce09d679,SUNPHARMA,EQ,N,1771.95,1757.3,1770.0,1764.65,1764.0,1766.35,1184193,2089172374.3,1771.95,1068.35,770482,65.06,65307,1764.22,2024-08-21,INE044A01036,2024-08-21T12:01:03.085Z,2024-08-21T12:01:03.085Z,2024-08-20T18:30:00.000Z,2024-08-21
66c7287fca847f6a4b1eba3f,SUNPHARMA,EQ,N,1769.5,1748.4,1769.5,1750.65,1753.0,1764.65,1369554,2404428089.85,1771.95,1068.35,1035400,75.6,89865,1755.63,2024-08-22,INE044A01036,2024-08-22T12:01:03.167Z,2024-08-22T12:01:03.167Z,2024-08-21T18:30:00.000Z,2024-08-22
66c879ff6952857aea11d06f,SUNPHARMA,EQ,N,1781.45,1751.9,1753.75,1775.75,1775.0,1750.65,3515492,6208704018.25,1781.45,1068.35,2578795,73.36,98314,1766.1,2024-08-23,INE044A01036,2024-08-23T12:01:03.482Z,2024-08-23T12:01:03.482Z,2024-08-22T18:30:00.000Z,2024-08-23
66b0bedf24ac63aa548e5100,TCS,EQ,N,4239.0,4110.5,4239.0,4155.05,4160.0,4283.05,2787771,11611760562.2,4431.0,3311.0,1792731,64.31,169844,4165.25,2024-08-05,INE467B01029,2024-08-05T12:00:31.619Z,2024-08-05T12:00:31.619Z,2024-08-04T18:30:00.000Z,2024-08-05
66b210618897c6b999ebf640,TCS,EQ,N,4258.25,4160.8,4170.95,4171.2,4175.1,4155.05,2203067,9239608320.05,4431.0,3311.0,1428036,64.82,134281,4193.98,2024-08-06,INE467B01029,2024-08-06T12:00:33.106Z,2024-08-06T12:00:33.106Z,2024-08-05T18:30:00.000Z,2024-08-06
66b361e125658921b21cf78e,TCS,EQ,N,4244.95,4180.3,4228.0,4200.45,4201.0,4171.2,1237666,5200150778.85,4431.0,3311.0,796283,64.34,102627,4201.58,2024-08-07,INE467B01029,2024-08-07T12:00:33.380Z,2024-08-07T12:00:33.380Z,2024-08-06T18:30:00.000Z,2024-08-07
66b4b361c885d3c32a44625e,TCS,EQ,N,4232.0,4160.0,4181.0,4172.55,4174.0,4200.45,2441283,10230119942.8,4431.0,3311.0,1684925,69.02,120490,4190.47,2024-08-08,INE467B01029,2024-08-08T12:00:33.096Z,2024-08-08T12:00:33.096Z,2024-08-07T18:30:00.000Z,2024-08-08
66b604ff667796db799142f0,TCS,EQ,N,4253.65,4205.55,4217.0,4228.75,4220.0,4172.55,1302536,5514705150.35,4431.0,3311.0,835330,64.13,79876,4233.82,2024-08-09,INE467B01029,2024-08-09T12:01:04.004Z,2024-08-09T12:01:04.004Z,2024-08-08T18:30:00.000Z,2024-08-09
66b9f95c8308cafe1544bee9,TCS,EQ,N,4239.0,4186.35,4230.0,4195.65,4193.1,4228.75,936912,3944978151.6,4431.0,3311.0,593190,63.31,86028,4210.62,2024-08-12,INE467B01029,2024-08-12T12:00:28.600Z,2024-08-12T12:00:28.600Z,2024-08-11T18:30:00.000Z,2024-08-12
66bb4adc8ef9995963de0946,TCS,EQ,N,4234.0,4183.0,4213.0,4196.95,4197.0,4195.65,1495593,6295091175.55,4431.0,3311.0,981192,65.61,99105,4209.09,2024-08-13,INE467B01029,2024-08-13T12:00:28.753Z,2024-08-13T12:00:28.753Z,2024-08-12T18:30:00.000Z,2024-08-13
66bcc585ee2fb2a6f73928df,TCS,EQ,N,4306.2,4188.15,4209.0,4295.25,4293.0,4196.95,3226545,13763619690.8,4431.0,3311.0,2058456,63.8,182461,4265.75,2024-08-14,INE467B01029,2024-08-14T14:56:05.100Z,2024-08-14T14:56:05.100Z,2024-08-13T18:30:00.000Z,2024-08-14
66c485606ed189eaad184b78,TCS,EQ,N,4565.0,4500.0,4505.0,4523.3,4505.0,4490.0,2212298,10020613301.75,4565.0,3311.0,1329501,60.1,128019,4529.5,2024-08-20,INE467B01029,2024-08-20T12:00:32.994Z,2024-08-20T12:00:32.994Z,2024-08-19T18:30:00.000Z,2024-08-20
66c5d6e07450e8bd160ef36c,TCS,EQ,N,4560.0,4492.55,4518.0,4551.5,4550.0,4523.3,1896990,8592617038.5,4565.0,3311.0,1447546,76.31,115023,4529.61,2024-08-21,INE467B01029,2024-08-21T12:00:32.445Z,2024-08-21T12:00:32.445Z,2024-08-20T18:30:00.000Z,2024-08-21
66c7285fa6c9947ff6c33dd6,TCS,EQ,N,4560.95,4497.2,4560.0,4502.0,4502.0,4551.5,1829872,8262819007.85,4565.0,3311.0,1160455,63.42,114303,4515.52,2024-08-22,INE467B01029,2024-08-22T12:00:31.217Z,2024-08-22T12:00:31.217Z,2024-08-21T18:30:00.000Z,2024-08-22
66c879e1058b857509840f35,TCS,EQ,N,4506.0,4455.0,4500.0,4463.9,4473.05,4502.0,1809253,8085619687.4,4565.0,3311.0,1135736,62.77,101893,4469.04,2024-08-23,INE467B01029,2024-08-23T12:00:33.176Z,2024-08-23T12:00:33.176Z,2024-08-22T18:30:00.000Z,2024-08-23
66cc6e61ba69ced25fa29d99,TCS,EQ,N,4552.15,4485.0,4489.0,4502.45,4506.6,4463.9,1844164,8330571610.15,4565.0,3311.0,1152094,62.47,118509,4517.26,2024-08-26,INE467B01029,2024-08-26T12:00:33.349Z,2024-08-26T12:00:33.349Z,2024-08-25T18:30:00.000Z,2024-08-26
66cde2ad518659f3060a1713,TCS,EQ,N,4510.0,4486.8,4505.0,4497.15,4491.0,4502.45,930697,4185134647.0,4565.0,3311.0,599149,64.38,65265,4496.77,2024-08-27,INE467B01029,2024-08-27T14:29:01.836Z,2024-08-27T14:29:01.836Z,2024-08-26T18:30:00.000Z,2024-08-27
66cf11687b802c4bfaae1d4e,TCS,EQ,N,4562.5,4457.3,4498.75,4506.05,4513.0,4497.15,1848058,8344430539.8,4565.0,3311.0,1110045,60.07,127744,4515.24,2024-08-28,INE467B01029,2024-08-28T12:00:40.230Z,2024-08-28T12:00:40.230Z,2024-08-27T18:30:00.000Z,2024-08-28
66b361ffc65c452d432b47c6,TECHM,EQ,N,1515.25,1471.0,1500.8,1473.65,1474.0,1483.4,3002937,4455966222.0,1569.0,1098.15,1978071,65.87,67976,1483.87,2024-08-07,INE669C01036,2024-08-07T12:01:03.688Z,2024-08-07T12:01:03.688Z,2024-08-06T18:30:00.000Z,2024-08-07
66b4b37fbeafe5d0f8084c34,TECHM,EQ,N,1488.15,1462.0,1470.0,1466.45,1469.15,1473.65,2333194,3441364925.8,1569.0,1098.15,1449748,62.14,153816,1474.96,2024-08-08,INE669C01036,2024-08-08T12:01:03.900Z,2024-08-08T12:01:03.900Z,2024-08-07T18:30:00.000Z,2024-08-08
66c4857fca024ae00a382400,TECHM,EQ,N,1633.65,1595.25,1601.0,1628.6,1629.0,1594.65,2442281,3956500406.9,1633.65,1098.15,1509022,61.79,98426,1620.0,2024-08-20,INE669C01036,2024-08-20T12:01:03.621Z,2024-08-20T12:01:03.621Z,2024-08-19T18:30:00.000Z,2024-08-20
66c5d6ff7d87ff8fce09d957,TECHM,EQ,N,1628.0,1602.0,1616.0,1604.65,1608.0,1628.6,1935929,3123257811.25,1633.65,1098.15,1325325,68.46,92803,1613.31,2024-08-21,INE669C01036,2024-08-21T12:01:03.384Z,2024-08-21T12:01:03.384Z,2024-08-20T18:30:00.000Z,2024-08-21
66b0bf00eb232aa7756f5bce,ULTRACEMCO,EQ,N,11700.0,11351.2,11700.0,11417.25,11410.9,11764.5,400844,4588043347.6,12078.0,7987.65,247128,61.65,64034,11445.96,2024-08-05,INE481G01011,2024-08-05T12:01:04.032Z,2024-08-05T12:01:04.032Z,2024-08-04T18:30:00.000Z,2024-08-05
66b21080c01765b7ee1d28f0,ULTRACEMCO,EQ,N,11575.8,11272.1,11449.95,11325.3,11384.0,11417.25,368949,4216416028.7,12078.0,7987.65,222976,60.44,54926,11428.18,2024-08-06,INE481G01011,2024-08-06T12:01:04.361Z,2024-08-06T12:01:04.361Z,2024-08-05T18:30:00.000Z,2024-08-06
66b36200c65c452d432b4d44,ULTRACEMCO,EQ,N,11589.95,11430.2,11499.0,11543.2,11550.0,11325.3,230210,2655496250.05,12078.0,7987.65,144146,62.62,38413,11535.1,2024-08-07,INE481G01011,2024-08-07T12:01:04.188Z,2024-08-07T12:01:04.188Z,2024-08-06T18:30:00.000Z,2024-08-07
66c5d6ff7d87ff8fce09dee3,ULTRACEMCO,EQ,N,11312.55,11161.55,11274.0,11200.9,11220.0,11349.7,456794,5119210360.75,12078.0,8045.05,316257,69.23,48460,11206.82,2024-08-21,INE481G01011,2024-08-21T12:01:03.922Z,2024-08-21T12:01:03.922Z,2024-08-20T18:30:00.000Z,2024-08-21
66c7287fca847f6a4b1ec270,ULTRACEMCO,EQ,N,11377.4,11205.0,11260.0,11309.4,11300.0,11200.9,305457,3451126533.7,12078.0,8045.05,193746,63.43,40939,11298.24,2024-08-22,INE481G01011,2024-08-22T12:01:03.884Z,2024-08-22T12:01:03.884Z,2024-08-21T18:30:00.000Z,2024-08-22
66cf118027d60587a497771d,ULTRACEMCO,EQ,N,11317.6,11211.0,11280.0,11234.8,11220.0,11300.35,201101,2265463456.65,12078.0,8045.05,125605,62.46,27954,11265.3,2024-08-28,INE481G01011,2024-08-28T12:01:04.358Z,2024-08-28T12:01:04.358Z,2024-08-27T18:30:00.000Z,2024-08-28
66d0630028fe008f761c00a4,ULTRACEMCO,EQ,N,11256.7,11115.4,11230.0,11222.0,11210.0,11234.8,406261,4537270729.7,12078.0,8045.05,254838,62.73,56833,11168.36,2024-08-29,INE481G01011,2024-08-29T12:01:04.309Z,2024-08-29T12:01:04.309Z,2024-08-28T18:30:00.000Z,2024-08-29
66d1b47f98930397001459dc,ULTRACEMCO,EQ,N,11360.9,11222.0,11225.05,11301.9,11320.0,11222.0,462185,5221694381.3,12078.0,8045.05,315719,68.31,55224,11297.84,2024-08-30,INE481G01011,2024-08-30T12:01:03.924Z,2024-08-30T12:01:03.924Z,2024-08-29T18:30:00.000Z,2024-08-30
